male,married,child,mother_education,self_training_score,score_other_test,year,age,school_years,experience_years,service_years,year_2010,year_2011,year_2012,year_2013,year_2014,year_2015,annual_sales
0,0,1,8,93,35,68,19,12,0.46,0,0,1,0,0,0,0,365.04
0,0,1,14,119,41,66,23,16,0.00,2,0,0,0,0,0,0,229.98
0,0,1,14,108,46,67,20,14,0.42,1,1,0,0,0,0,0,301.87
0,0,1,12,96,32,66,18,12,0.33,1,0,0,0,0,0,0,240.09
0,1,1,6,74,27,73,26,9,9.01,3,0,0,0,0,0,1,375.03
0,0,1,8,91,24,66,16,9,0.33,1,0,0,0,0,0,0,122.00
0,1,1,8,114,50,73,30,18,1.21,6,0,0,0,0,0,1,673.17
0,1,0,14,111,37,67,23,15,1.25,1,1,0,0,0,0,0,332.95
0,1,1,12,95,44,66,22,12,2.05,2,0,0,0,0,0,0,310.13
0,1,0,13,132,44,73,30,18,1.37,5,0,0,0,0,0,1,591.11
0,1,0,16,102,45,69,22,14,0.00,1,0,0,1,0,0,0,312.00
0,0,0,12,125,40,70,20,14,0.37,1,0,0,0,1,0,0,500.20
0,0,1,10,119,24,73,20,16,0.69,0,0,0,0,0,0,1,191.90
0,1,1,12,118,47,73,26,16,2.39,0,0,0,0,0,0,1,749.95
0,1,1,6,105,37,66,21,10,4.38,2,0,0,0,0,0,0,303.08
0,0,1,12,109,39,66,22,12,0.00,2,0,0,0,0,0,0,269.08
0,1,1,10,72,36,71,29,11,8.79,1,0,0,0,0,1,0,332.95
0,0,1,12,105,29,73,21,12,0.00,0,0,0,0,0,0,1,365.04
0,0,1,8,101,34,67,18,11,0.38,1,1,0,0,0,0,0,199.94
0,0,1,12,123,37,70,21,12,1.79,3,0,0,0,1,0,0,325.06
0,1,1,12,113,49,70,26,16,0.47,7,0,0,0,1,0,0,505.22
0,0,1,10,95,36,66,24,12,0.29,1,0,0,0,0,0,0,312.00
0,1,0,12,145,50,71,29,16,8.34,4,0,0,0,0,1,0,961.99
0,0,1,11,114,35,69,21,16,1.00,1,0,0,1,0,0,0,455.78
0,0,1,16,124,32,73,21,16,1.45,2,0,0,0,0,0,1,512.86
0,1,1,12,93,40,66,21,12,2.38,2,0,0,0,0,0,0,172.95
1,1,1,8,115,39,73,27,18,4.45,0,0,0,0,0,0,1,712.66
0,1,1,13,125,41,73,26,17,2.36,6,0,0,0,0,0,1,577.09
0,0,1,16,128,35,73,28,18,0.90,5,0,0,0,0,0,1,462.20
0,1,1,8,103,40,71,25,12,6.77,1,0,0,0,0,1,0,375.03
0,0,1,12,98,41,66,21,14,2.38,3,0,0,0,0,0,0,500.20
0,0,1,12,108,41,66,18,13,0.00,1,0,0,0,0,0,0,249.88
0,0,0,18,129,40,69,27,18,0.00,1,0,0,1,0,0,0,409.94
0,1,1,17,132,42,73,24,16,1.48,2,0,0,0,0,0,1,577.09
0,0,1,8,92,24,68,19,13,0.00,2,0,1,0,0,0,0,249.88
0,1,1,15,106,35,69,20,13,0.00,1,0,0,1,0,0,0,467.78
0,1,1,13,105,37,73,21,16,2.27,0,0,0,0,0,0,1,350.02
0,1,1,12,123,46,69,25,17,0.00,3,0,0,1,0,0,0,557.80
0,1,1,8,108,48,66,24,12,6.33,2,0,0,0,0,0,0,315.13
0,0,1,12,122,47,70,23,16,0.47,1,0,0,0,1,0,0,510.81
0,1,1,12,109,44,66,24,12,1.71,1,0,0,0,0,0,0,399.81
0,1,1,10,100,40,68,26,12,0.00,3,0,1,0,0,0,0,278.11
0,1,1,14,125,50,69,23,18,0.80,1,0,0,1,0,0,0,441.86
0,0,1,12,122,41,73,27,14,1.87,7,0,0,0,0,0,1,449.89
0,1,1,12,105,34,71,21,16,0.00,2,0,0,0,0,1,0,230.90
0,0,1,12,94,37,69,22,16,0.42,1,0,0,1,0,0,0,258.01
0,1,1,12,102,36,66,20,12,2.17,3,0,0,0,0,0,0,275.06
0,0,1,12,109,47,73,30,12,6.53,4,0,0,0,0,0,1,481.06
0,1,1,12,105,45,66,24,12,8.10,2,0,0,0,0,0,0,300.07
1,1,1,12,134,46,71,28,18,0.91,1,0,0,0,0,1,0,255.95
0,0,1,12,108,32,68,17,12,0.92,0,0,1,0,0,0,0,217.89
0,1,1,12,104,36,73,22,16,2.44,1,0,0,0,0,0,1,361.04
0,1,1,12,112,35,69,18,12,0.46,1,0,0,1,0,0,0,175.04
0,0,1,11,120,49,71,23,18,0.00,3,0,0,0,0,1,0,278.11
0,0,1,17,124,40,71,22,16,1.19,1,0,0,0,0,1,0,208.10
1,0,1,12,103,34,68,17,12,0.46,1,0,1,0,0,0,0,201.95
0,0,1,12,115,45,73,22,16,0.00,0,0,0,0,0,0,1,312.94
0,1,1,6,96,33,66,21,12,3.33,1,0,0,0,0,0,0,262.96
0,1,1,12,123,48,70,26,17,0.88,4,0,0,0,1,0,0,277.00
0,0,1,12,98,34,68,17,12,0.38,3,0,1,0,0,0,0,175.04
0,1,1,12,96,34,66,21,12,4.33,1,0,0,0,0,0,0,280.06
0,1,1,12,89,47,67,25,12,5.00,5,1,0,0,0,0,0,350.02
0,0,1,9,93,20,70,18,12,0.37,1,0,0,0,1,0,0,187.92
0,0,1,12,82,32,66,19,12,1.92,1,0,0,0,0,0,0,249.88
0,1,1,12,120,45,69,27,15,1.38,2,0,0,1,0,0,0,699.94
0,1,1,12,122,38,71,23,12,5.32,6,0,0,0,0,1,0,430.09
0,1,1,12,117,48,73,25,18,1.47,2,0,0,0,0,0,1,836.31
0,1,1,8,109,44,73,28,16,1.62,5,0,0,0,0,0,1,595.26
1,1,1,12,114,55,69,27,17,1.46,1,0,0,1,0,0,0,577.09
0,1,1,12,126,40,70,21,16,0.55,1,0,0,0,1,0,0,505.22
0,0,1,11,82,45,68,21,12,0.00,3,0,1,0,0,0,0,199.94
0,0,1,12,119,45,69,21,16,0.94,1,0,0,1,0,0,0,389.94
0,1,1,12,104,37,68,23,16,0.00,1,0,1,0,0,0,0,363.94
0,1,1,12,97,45,66,22,12,3.46,1,0,0,0,0,0,0,265.87
0,0,1,14,105,27,71,22,14,0.22,1,0,0,0,0,1,0,249.88
0,0,1,7,100,32,68,18,12,2.25,1,0,1,0,0,0,0,317.98
0,1,1,12,114,41,67,18,12,0.00,1,1,0,0,0,0,0,215.08
0,1,1,8,96,48,66,23,11,1.58,2,0,0,0,0,0,0,312.00
0,0,1,12,113,30,73,21,15,2.68,1,0,0,0,0,0,1,577.09
0,0,1,14,106,38,66,22,10,3.33,1,0,0,0,0,0,0,240.09
0,1,1,8,104,37,69,21,13,0.13,4,0,0,1,0,0,0,312.00
0,0,1,12,104,30,73,22,12,0.00,0,0,0,0,0,0,1,449.89
0,0,1,16,122,36,70,20,12,0.38,1,0,0,0,1,0,0,199.94
0,0,1,12,96,38,66,20,12,0.00,3,0,0,0,0,0,0,224.98
0,0,1,16,95,51,69,25,15,2.31,0,0,0,1,0,0,0,345.85
0,0,1,16,105,24,69,20,12,0.00,1,0,0,1,0,0,0,337.98
0,1,1,12,91,41,73,25,17,1.18,2,0,0,0,0,0,1,800.31
0,1,1,12,96,37,71,22,16,0.75,1,0,0,0,0,1,0,226.11
0,0,1,9,111,44,68,19,14,0.38,1,0,1,0,0,0,0,215.08
0,0,1,9,110,35,68,19,14,0.00,1,0,1,0,0,0,0,249.88
0,0,1,9,97,37,73,21,16,4.53,0,0,0,0,0,0,1,399.81
0,0,1,8,125,44,73,27,17,0.00,4,0,0,0,0,0,1,741.74
0,0,0,9,91,39,66,22,12,0.00,3,0,0,0,0,0,0,307.97
0,0,0,8,86,28,66,23,11,3.26,1,0,0,0,0,0,0,298.87
0,1,1,9,110,32,66,21,12,3.33,2,0,0,0,0,0,0,245.92
0,1,0,12,92,47,66,22,14,2.33,1,0,0,0,0,0,0,259.04
0,1,0,9,85,41,66,24,10,1.38,2,0,0,0,0,0,0,215.08
0,1,0,8,120,36,73,26,17,0.36,1,0,0,0,0,0,1,625.16
0,1,1,12,106,42,73,25,12,6.89,0,0,0,0,0,0,1,550.04
0,0,0,12,112,41,70,21,16,0.24,1,0,0,0,1,0,0,307.97
0,1,1,10,91,39,66,24,10,0.00,1,0,0,0,0,0,0,470.13
0,1,1,10,90,42,66,24,12,2.65,3,0,0,0,0,0,0,399.81
0,0,0,12,113,27,68,17,12,0.10,1,0,1,0,0,0,0,159.97
0,1,1,12,111,51,66,24,12,0.00,2,0,0,0,0,0,0,337.98
0,0,1,12,111,30,67,20,12,2.38,1,1,0,0,0,0,0,180.91
0,0,1,8,106,32,70,18,12,0.45,1,0,0,0,1,0,0,150.05
0,0,0,12,98,28,68,18,12,0.23,1,0,1,0,0,0,0,175.04
0,0,0,12,105,28,68,18,12,0.00,1,0,1,0,0,0,0,243.96
0,1,0,10,105,29,66,19,10,0.98,1,0,0,0,0,0,0,270.97
0,1,1,12,118,44,70,22,13,0.00,4,0,0,0,1,0,0,483.96
0,1,1,12,90,38,66,22,12,4.67,5,0,0,0,0,0,0,335.96
0,0,1,9,95,34,67,19,12,0.98,3,1,0,0,0,0,0,156.96
0,1,1,12,112,24,71,20,13,0.41,3,0,0,0,0,1,0,427.95
0,1,1,12,120,39,71,23,12,0.40,2,0,0,0,0,1,0,399.81
0,0,1,12,123,41,68,17,12,0.38,1,0,1,0,0,0,0,175.04
0,0,1,16,103,32,70,20,12,0.78,1,0,0,0,1,0,0,427.95
0,1,1,16,121,40,70,25,18,0.90,1,0,0,0,1,0,0,625.16
0,1,1,12,90,44,68,26,16,0.00,4,0,1,0,0,0,0,431.82
0,0,1,12,125,32,71,20,12,2.65,1,0,0,0,0,1,0,260.08
0,0,1,9,109,34,73,24,18,3.19,0,0,0,0,0,0,1,557.80
1,0,1,10,128,46,68,21,16,0.40,1,0,1,0,0,0,0,434.85
0,0,1,12,97,35,66,17,12,0.33,1,0,0,0,0,0,0,336.97
0,1,1,12,96,35,66,19,12,0.00,1,0,0,0,0,0,0,199.94
0,0,1,12,97,44,68,16,12,0.77,1,0,1,0,0,0,0,214.01
0,1,1,7,112,39,71,25,12,4.99,1,0,0,0,0,1,0,562.84
0,1,1,2,88,32,66,24,12,4.00,1,0,0,0,0,0,0,191.90
0,1,1,14,97,39,66,22,12,1.14,2,0,0,0,0,0,0,350.02
0,1,1,6,101,41,66,22,12,0.00,2,0,0,0,0,0,0,249.88
0,1,1,7,106,42,67,21,10,5.33,1,1,0,0,0,0,0,229.98
0,0,1,8,59,28,73,26,10,6.32,0,0,0,0,0,0,1,199.94
0,1,1,12,105,54,73,26,18,0.37,6,0,0,0,0,0,1,509.79
0,0,1,12,119,30,70,21,16,0.00,1,0,0,0,1,0,0,261.13
0,0,1,8,93,36,67,24,11,4.40,3,1,0,0,0,0,0,275.06
0,1,1,12,82,38,66,22,12,4.72,5,0,0,0,0,0,0,260.08
0,0,1,16,134,45,71,25,18,0.00,1,0,0,0,0,1,0,433.11
0,0,1,8,84,29,70,20,12,0.40,1,0,0,0,1,0,0,500.20
0,0,1,12,98,36,69,20,11,2.96,3,0,0,1,0,0,0,300.07
0,0,1,13,118,41,73,22,16,4.06,1,0,0,0,0,0,1,286.00
0,1,1,12,113,50,73,25,17,3.71,2,0,0,0,0,0,1,343.09
0,0,1,9,100,18,70,18,12,1.31,1,0,0,0,1,0,0,199.94
0,0,1,12,93,27,69,18,12,0.00,2,0,0,1,0,0,0,242.02
1,1,1,12,119,30,71,23,16,0.00,1,0,0,0,0,1,0,414.88
0,0,1,12,106,38,70,22,14,0.39,2,0,0,0,1,0,0,249.88
0,0,1,10,127,49,73,28,17,2.38,6,0,0,0,0,0,1,865.23
0,0,1,12,113,35,68,21,15,0.73,1,0,1,0,0,0,0,500.20
0,0,1,12,115,36,70,19,13,0.40,1,0,0,0,1,0,0,343.09
0,0,1,12,102,40,73,23,16,1.01,3,0,0,0,0,0,1,542.94
0,1,1,12,117,51,69,21,16,0.46,1,0,0,1,0,0,0,457.14
0,0,1,10,125,34,73,20,16,0.21,0,0,0,0,0,0,1,280.06
0,1,1,8,118,47,66,23,16,2.17,3,0,0,0,0,0,0,343.09
0,1,1,12,121,40,71,29,18,4.97,1,0,0,0,0,1,0,768.93
0,1,1,12,115,51,68,26,17,0.00,4,0,1,0,0,0,0,577.09
0,1,1,12,120,44,71,27,13,2.46,7,0,0,0,0,1,0,533.79
0,1,1,11,109,43,69,24,12,5.13,4,0,0,1,0,0,0,353.89
0,0,1,12,109,28,67,17,12,0.00,1,1,0,0,0,0,0,175.04
0,1,0,12,85,50,71,29,12,10.08,2,0,0,0,0,1,0,454.86
0,0,1,11,106,32,73,21,14,1.54,2,0,0,0,0,0,1,290.91
0,1,1,10,101,30,67,17,12,0.38,1,1,0,0,0,0,0,150.05
0,0,1,12,116,40,67,17,12,0.00,1,1,0,0,0,0,0,251.89
0,0,1,7,91,24,67,18,12,0.96,1,1,0,0,0,0,0,140.05
0,0,1,11,91,28,66,20,12,0.33,3,0,0,0,0,0,0,136.05
0,0,1,7,110,34,66,20,9,0.00,1,0,0,0,0,0,0,224.98
0,1,1,7,75,33,73,24,12,6.70,0,0,0,0,0,0,1,175.04
0,0,1,12,94,17,71,20,12,0.96,1,0,0,0,0,1,0,159.97
1,0,1,12,109,27,71,20,13,1.58,1,0,0,0,0,1,0,411.99
0,1,0,8,122,38,71,22,16,0.87,1,0,0,0,0,1,0,300.97
0,0,1,11,102,26,71,23,12,0.00,2,0,0,0,0,1,0,199.94
0,1,1,8,122,38,70,23,14,2.69,1,0,0,0,1,0,0,265.87
0,1,1,10,105,38,66,23,12,4.38,2,0,0,0,0,0,0,266.93
0,0,1,9,113,37,66,22,12,2.00,2,0,0,0,0,0,0,242.99
0,1,1,8,104,34,73,22,12,3.93,0,0,0,0,0,0,1,354.96
0,1,1,9,124,43,73,26,16,0.38,6,0,0,0,0,0,1,481.06
0,0,0,12,110,31,67,19,12,1.22,1,1,0,0,0,0,0,180.01
0,0,1,12,95,37,66,19,12,1.83,1,0,0,0,0,0,0,249.88
0,1,0,18,120,39,73,24,16,1.42,2,0,0,0,0,0,1,457.14
0,0,0,12,105,39,66,24,12,4.96,1,0,0,0,0,0,0,193.06
0,0,0,12,121,30,73,20,16,0.48,0,0,0,0,0,0,1,361.04
0,1,1,8,96,42,70,26,12,0.00,7,0,0,0,1,0,0,724.88
0,0,0,9,110,26,66,18,12,2.14,1,0,0,0,0,0,0,251.89
0,0,0,12,92,32,67,18,12,0.00,1,1,0,0,0,0,0,175.04
0,1,1,9,98,34,71,29,12,7.99,4,0,0,0,0,1,0,433.11
0,1,1,11,109,43,67,23,15,0.85,1,1,0,0,0,0,0,317.03
0,0,1,11,118,44,67,23,17,0.33,1,1,0,0,0,0,0,403.03
0,1,1,14,97,42,69,23,16,0.00,3,0,0,1,0,0,0,354.96
0,1,1,16,95,42,71,28,17,0.00,2,0,0,0,0,1,0,441.86
0,1,1,10,99,40,73,26,12,1.87,3,0,0,0,0,0,1,481.06
0,1,0,10,106,31,68,18,12,0.38,1,0,1,0,0,0,0,254.93
0,0,1,12,117,33,68,18,12,0.96,1,0,1,0,0,0,0,235.10
0,1,0,12,90,47,66,23,12,6.38,7,0,0,0,0,0,0,249.88
0,0,1,12,95,44,66,21,12,4.50,1,0,0,0,0,0,0,182.91
0,0,1,12,115,43,66,18,12,1.33,1,0,0,0,0,0,0,233.92
0,0,1,12,106,40,71,22,14,1.50,5,0,0,0,0,1,0,280.06
0,0,0,8,114,26,68,18,12,0.00,1,0,1,0,0,0,0,199.94
0,0,0,12,92,34,70,20,12,0.72,2,0,0,0,1,0,0,328.00
0,1,0,13,119,36,73,23,16,1.71,2,0,0,0,0,0,1,547.85
0,0,0,13,85,32,70,20,13,0.68,1,0,0,0,1,0,0,137.97
0,0,0,12,98,34,71,21,16,0.37,1,0,0,0,0,1,0,350.02
0,1,0,12,114,30,73,20,12,1.46,3,0,0,0,0,0,1,266.93
0,1,0,8,84,42,66,23,18,0.38,1,0,0,0,0,0,0,150.05
0,1,0,16,108,42,66,19,13,0.33,1,0,0,0,0,0,0,172.95
0,1,0,8,107,32,67,20,12,4.07,1,1,0,0,0,0,0,222.07
0,1,0,16,84,35,66,24,12,3.21,3,0,0,0,0,0,0,232.99
0,1,0,10,86,22,69,18,12,0.38,2,0,0,1,0,0,0,175.04
0,0,0,10,88,27,66,21,12,3.38,4,0,0,0,0,0,0,254.93
0,1,1,12,117,45,70,23,16,0.88,1,0,0,0,1,0,0,462.20
0,0,1,12,110,42,73,22,16,5.77,2,0,0,0,0,0,1,488.82
0,1,1,9,104,32,71,24,12,4.90,1,0,0,0,0,1,0,749.95
0,0,1,9,110,26,70,19,13,0.00,3,0,0,0,1,0,0,290.03
0,1,1,11,99,33,73,22,16,3.12,1,0,0,0,0,0,1,384.14
0,0,1,12,117,31,70,18,12,0.00,1,0,0,0,1,0,0,290.03
0,1,0,8,85,39,71,23,16,0.00,1,0,0,0,0,1,0,301.87
0,1,0,11,114,36,73,21,16,4.19,0,0,0,0,0,0,1,345.85
0,1,0,12,107,30,73,21,15,0.00,5,0,0,0,0,0,1,295.89
0,1,1,12,117,41,69,26,18,0.63,1,0,0,1,0,0,0,603.05
0,1,1,16,112,47,73,30,18,2.40,3,0,0,0,0,0,1,768.93
0,1,1,14,106,46,71,28,18,1.01,1,0,0,0,0,1,0,615.23
0,0,1,12,116,38,70,21,14,0.00,1,0,0,0,1,0,0,345.85
0,0,1,8,123,44,70,21,14,0.00,3,0,0,0,1,0,0,384.91
0,0,1,8,118,40,68,21,16,0.38,1,0,1,0,0,0,0,433.11
0,1,1,12,103,29,69,23,12,0.00,1,0,0,1,0,0,0,665.14
0,1,1,8,114,40,66,23,12,5.33,2,0,0,0,0,0,0,284.01
0,1,1,12,102,36,66,21,12,4.27,5,0,0,0,0,0,0,164.02
0,0,1,6,104,36,66,22,12,4.73,1,0,0,0,0,0,0,269.89
0,0,1,14,112,43,66,19,14,0.38,1,0,0,0,0,0,0,260.08
0,0,1,12,107,39,68,18,12,0.35,1,0,1,0,0,0,0,297.08
0,1,1,12,117,36,71,25,13,4.93,3,0,0,0,0,1,0,354.96
0,1,1,12,96,42,66,19,12,0.00,2,0,0,0,0,0,0,199.94
0,0,1,8,97,27,69,18,12,0.35,1,0,0,1,0,0,0,370.18
0,0,1,8,99,29,69,19,10,2.63,1,0,0,1,0,0,0,220.08
0,0,1,8,126,44,70,21,14,0.91,3,0,0,0,1,0,0,325.06
0,0,1,12,109,49,67,25,17,0.98,1,1,0,0,0,0,0,359.96
0,0,1,12,119,48,68,21,16,0.06,0,0,1,0,0,0,0,140.05
0,1,1,12,102,38,73,21,16,3.14,1,0,0,0,0,0,1,350.02
0,0,1,9,105,45,66,24,17,0.00,1,0,0,0,0,0,0,211.03
0,0,1,12,117,40,71,20,16,0.00,1,0,0,0,0,1,0,288.88
0,0,1,12,112,40,66,24,16,3.25,4,0,0,0,0,0,0,378.04
0,0,1,8,89,28,67,16,10,0.00,0,1,0,0,0,0,0,212.09
0,0,1,12,131,39,70,18,12,0.00,1,0,0,0,1,0,0,317.03
0,1,1,16,114,28,73,20,16,0.82,0,0,0,0,0,0,1,542.94
0,0,1,10,98,35,66,23,12,4.71,6,0,0,0,0,0,0,310.13
0,0,1,12,125,30,71,20,13,1.36,2,0,0,0,0,1,0,419.89
0,0,1,10,100,38,69,25,16,2.38,1,0,0,1,0,0,0,343.09
0,0,1,8,113,26,70,18,12,0.00,4,0,0,0,1,0,0,275.06
0,0,1,10,102,46,68,23,16,1.00,1,0,1,0,0,0,0,288.01
0,0,1,12,82,33,73,23,18,0.38,5,0,0,0,0,0,1,229.98
0,1,1,12,112,47,66,21,14,1.58,2,0,0,0,0,0,0,284.86
1,0,1,8,111,38,73,23,16,0.00,0,0,0,0,0,0,1,222.07
0,0,1,11,96,24,69,19,13,0.00,1,0,0,1,0,0,0,199.94
0,0,1,16,127,48,66,23,16,1.33,1,0,0,0,0,0,0,297.08
0,0,1,8,97,47,67,24,14,1.00,1,1,0,0,0,0,0,500.20
0,1,1,12,120,50,69,25,14,0.80,2,0,0,1,0,0,0,749.95
0,0,1,16,101,41,73,27,16,0.40,2,0,0,0,0,0,1,399.81
0,0,1,12,120,40,66,23,14,3.33,2,0,0,0,0,0,0,333.95
0,0,1,5,110,23,66,18,12,1.33,3,0,0,0,0,0,0,336.97
0,0,1,5,94,35,67,17,9,0.00,1,1,0,0,0,0,0,124.96
0,1,1,17,120,50,70,27,16,2.26,5,0,0,0,1,0,0,540.23
0,1,1,8,108,45,66,22,12,5.38,7,0,0,0,0,0,0,288.01
0,0,1,11,103,31,66,19,9,3.58,1,0,0,0,0,0,0,345.85
0,1,1,11,106,36,67,22,12,1.00,6,1,0,0,0,0,0,409.94
0,0,1,12,119,37,73,29,16,0.38,10,0,0,0,0,0,1,659.84
0,1,1,8,87,33,71,27,12,7.28,1,0,0,0,0,1,0,350.02
0,1,1,11,121,49,68,22,16,0.00,1,0,1,0,0,0,0,236.04
0,0,1,12,112,33,70,20,12,0.00,1,0,0,0,1,0,0,227.01
0,1,1,12,103,36,71,27,12,0.00,7,0,0,0,0,1,0,437.90
0,1,1,16,99,48,66,23,16,1.33,1,0,0,0,0,0,0,345.85
0,1,1,12,101,40,66,23,14,1.38,3,0,0,0,0,0,0,317.03
0,1,1,8,109,41,69,25,13,0.38,3,0,0,1,0,0,0,313.88
0,0,1,12,73,46,68,19,12,0.00,1,0,1,0,0,0,0,342.06
0,1,1,16,116,27,70,21,16,0.31,1,0,0,0,1,0,0,325.06
0,0,1,12,98,42,69,18,12,0.00,1,0,0,1,0,0,0,171.06
1,0,1,14,104,43,70,20,13,0.33,1,0,0,0,1,0,0,199.94
0,0,1,12,78,29,68,19,12,0.00,0,0,1,0,0,0,0,137.00
0,1,1,12,85,39,66,20,11,2.13,1,0,0,0,0,0,0,199.94
0,0,1,12,104,25,68,17,12,0.45,1,0,1,0,0,0,0,217.02
0,1,1,8,109,48,66,23,12,6.38,8,0,0,0,0,0,0,317.03
0,0,1,10,96,33,69,19,13,0.00,1,0,0,1,0,0,0,240.09
0,1,1,12,90,32,66,23,12,4.33,4,0,0,0,0,0,0,220.08
0,1,1,12,103,29,73,24,15,1.46,2,0,0,0,0,0,1,470.13
0,1,1,14,106,41,68,21,16,0.33,1,0,1,0,0,0,0,378.04
0,1,1,14,96,32,73,22,16,4.24,0,0,0,0,0,0,1,448.09
0,1,1,8,114,39,70,20,12,0.49,2,0,0,0,1,0,0,199.94
0,0,1,9,86,33,66,17,10,0.33,1,0,0,0,0,0,0,119.94
1,1,1,13,110,38,73,24,16,1.75,0,0,0,0,0,0,1,424.96
0,1,1,12,87,41,66,24,12,4.30,7,0,0,0,0,0,0,347.93
0,0,1,13,89,31,69,17,12,0.00,2,0,0,1,0,0,0,199.94
0,1,1,8,106,40,67,18,12,1.77,1,1,0,0,0,0,0,312.00
0,0,1,5,100,43,67,19,12,0.91,1,1,0,0,0,0,0,238.89
0,1,1,16,111,38,67,21,12,4.43,1,1,0,0,0,0,0,350.02
0,1,1,12,100,40,66,23,12,3.52,4,0,0,0,0,0,0,375.03
0,1,1,12,114,38,67,20,12,3.38,4,1,0,0,0,0,0,288.01
0,1,1,13,98,45,73,26,18,0.00,0,0,0,0,0,0,1,416.96
0,0,1,9,89,24,68,18,11,0.80,1,0,1,0,0,0,0,350.02
0,1,1,11,74,23,67,17,10,0.46,1,1,0,0,0,0,0,199.94
0,1,0,11,130,29,68,26,13,2.80,3,0,1,0,0,0,0,300.07
0,1,1,12,108,51,71,27,16,0.37,1,0,0,0,0,1,0,475.80
0,1,0,10,98,31,66,19,12,2.33,2,0,0,0,0,0,0,218.98
0,0,1,16,125,27,71,21,16,0.37,1,0,0,0,0,1,0,384.91
0,1,1,12,104,29,73,21,16,0.00,1,0,0,0,0,0,1,317.98
0,0,1,8,98,33,69,19,12,3.00,0,0,0,1,0,0,0,259.04
0,1,0,11,104,37,73,25,15,0.00,3,0,0,0,0,0,1,416.96
0,0,1,8,120,33,66,22,12,4.62,5,0,0,0,0,0,0,249.88
0,0,1,8,134,38,67,17,12,0.00,1,1,0,0,0,0,0,199.94
0,1,1,8,92,28,66,20,9,4.25,4,0,0,0,0,0,0,215.94
0,1,0,13,129,34,73,22,16,4.55,2,0,0,0,0,0,1,352.83
0,1,0,12,118,42,71,27,13,0.00,7,0,0,0,0,1,0,488.82
0,0,0,12,107,37,69,17,12,0.38,1,0,0,1,0,0,0,336.97
0,1,1,12,92,37,66,24,12,5.46,1,0,0,0,0,0,0,272.05
0,0,1,16,118,33,73,21,16,0.38,0,0,0,0,0,0,1,124.96
0,1,1,12,108,38,73,23,17,0.67,0,0,0,0,0,0,1,424.96
0,1,0,12,119,42,66,22,12,5.33,1,0,0,0,0,0,0,182.91
0,0,0,8,109,29,69,18,12,0.41,1,0,0,1,0,0,0,244.94
0,1,0,8,91,41,71,27,12,9.09,1,0,0,0,0,1,0,367.97
0,0,0,12,118,38,69,19,14,0.00,1,0,0,1,0,0,0,199.94
0,0,0,14,119,37,68,18,13,0.00,1,0,1,0,0,0,0,215.08
0,0,0,14,103,33,68,19,13,1.31,1,0,1,0,0,0,0,472.95
0,1,0,12,120,25,73,20,16,0.00,0,0,0,0,0,0,1,375.03
0,1,1,8,122,40,67,21,16,0.00,1,1,0,0,0,0,0,163.04
0,0,0,8,119,35,69,17,12,0.42,2,0,0,1,0,0,0,199.94
0,1,0,9,104,37,71,29,11,7.32,6,0,0,0,0,1,0,625.16
0,0,0,8,96,22,69,18,10,0.74,0,0,0,1,0,0,0,222.07
0,1,0,8,83,36,67,21,12,2.91,4,1,0,0,0,0,0,224.98
0,0,0,10,88,27,69,18,12,0.46,0,0,0,1,0,0,0,319.90
0,0,0,8,96,43,66,22,12,2.99,4,0,0,0,0,0,0,199.94
0,1,1,12,123,42,66,24,17,1.83,2,0,0,0,0,0,0,407.08
0,1,1,11,108,43,66,20,12,2.33,1,0,0,0,0,0,0,150.05
0,0,1,12,116,35,73,21,16,2.50,1,0,0,0,0,0,1,557.24
0,1,0,16,109,45,68,24,18,0.91,1,0,1,0,0,0,0,389.94
0,0,1,12,97,39,71,22,12,2.57,1,0,0,0,0,1,0,140.05
0,0,0,12,107,34,69,17,12,1.00,2,0,0,1,0,0,0,150.05
0,1,0,12,95,27,71,26,12,8.03,2,0,0,0,0,1,0,362.85
0,1,1,15,109,31,73,22,14,1.38,2,0,0,0,0,0,1,311.06
0,1,0,12,104,36,66,19,12,1.90,3,0,0,0,0,0,0,319.90
0,1,0,12,110,37,66,24,12,1.67,2,0,0,0,0,0,0,300.07
0,0,1,13,94,40,71,27,13,4.09,1,0,0,0,0,1,0,481.06
0,1,0,8,103,38,66,23,12,2.42,2,0,0,0,0,0,0,365.04
0,0,1,8,123,45,66,18,12,0.00,1,0,0,0,0,0,0,307.05
0,0,0,6,113,33,68,19,12,0.38,1,0,1,0,0,0,0,199.94
0,0,0,12,100,31,70,20,13,0.00,1,0,0,0,1,0,0,170.03
0,0,0,12,95,39,66,17,12,0.00,1,0,0,0,0,0,0,145.04
0,1,0,8,100,34,66,22,12,3.83,5,0,0,0,0,0,0,195.00
0,1,1,15,108,39,66,23,13,3.72,4,0,0,0,0,0,0,290.03
0,1,1,12,101,47,67,24,12,0.77,1,1,0,0,0,0,0,212.94
0,0,1,12,90,43,66,21,12,2.25,2,0,0,0,0,0,0,199.94
0,1,1,8,115,41,66,21,12,2.94,4,0,0,0,0,0,0,310.13
0,0,1,11,84,33,70,19,13,0.50,1,0,0,0,1,0,0,212.94
0,1,1,12,125,44,67,24,14,0.00,2,1,0,0,0,0,0,262.96
0,1,1,11,107,42,66,24,12,6.33,5,0,0,0,0,0,0,507.25
0,0,1,8,129,33,68,20,13,0.00,1,0,1,0,0,0,0,350.02
0,0,1,12,98,40,69,19,12,1.69,1,0,0,1,0,0,0,375.03
0,0,1,8,108,41,66,24,12,5.19,6,0,0,0,0,0,0,294.12
1,1,1,2,114,37,73,22,16,0.78,1,0,0,0,0,0,1,495.22
0,1,0,12,111,37,71,25,16,0.00,1,0,0,0,0,1,0,288.01
0,0,0,12,101,29,71,19,12,0.98,1,0,0,0,0,1,0,199.94
0,0,0,12,99,25,66,20,12,3.08,1,0,0,0,0,0,0,141.03
0,0,0,12,75,24,68,18,11,1.19,1,0,1,0,0,0,0,165.01
0,0,0,6,91,29,66,24,12,0.00,1,0,0,0,0,0,0,326.03
0,1,0,12,113,38,68,21,16,0.00,1,0,1,0,0,0,0,237.94
0,1,0,8,120,34,71,26,12,8.44,1,0,0,0,0,1,0,244.94
0,0,1,12,98,32,70,19,13,0.37,1,0,0,0,1,0,0,249.88
0,1,1,16,107,31,70,23,16,0.46,2,0,0,0,1,0,0,444.97
0,1,1,12,121,39,73,24,18,0.38,5,0,0,0,0,0,1,500.20
0,0,1,12,134,42,67,22,15,0.00,1,1,0,0,0,0,0,288.01
0,0,1,12,120,38,73,21,16,0.75,1,0,0,0,0,0,1,542.94
0,0,1,12,105,36,70,22,15,1.02,1,0,0,0,1,0,0,275.06
0,1,1,10,121,40,73,26,12,0.00,3,0,0,0,0,0,1,545.12
0,1,1,12,113,29,71,21,16,0.46,1,0,0,0,0,1,0,337.98
0,1,1,12,106,37,71,20,12,0.00,1,0,0,0,0,1,0,325.06
0,1,1,9,104,41,73,27,18,1.41,5,0,0,0,0,0,1,737.30
0,0,1,10,80,23,66,19,11,0.00,1,0,0,0,0,0,0,275.06
0,0,1,10,117,28,67,17,12,1.00,1,1,0,0,0,0,0,325.06
0,0,1,12,126,42,73,20,16,1.39,1,0,0,0,0,0,1,303.08
0,0,1,10,112,42,66,22,12,4.96,1,0,0,0,0,0,0,265.07
0,0,1,6,83,20,70,22,12,3.16,1,0,0,0,1,0,0,317.98
0,0,1,6,84,13,67,19,10,0.00,1,1,0,0,0,0,0,124.96
0,0,1,12,109,32,67,18,12,0.38,1,1,0,0,0,0,0,399.02
0,0,1,12,111,25,73,21,14,0.00,0,0,0,0,0,0,1,459.90
0,1,0,12,94,33,66,23,12,6.46,1,0,0,0,0,0,0,256.98
0,0,0,12,96,32,67,17,12,0.00,1,1,0,0,0,0,0,300.07
0,0,0,12,101,33,69,19,13,0.67,1,0,0,1,0,0,0,306.13
0,1,1,12,90,35,68,18,11,0.00,1,0,1,0,0,0,0,353.89
0,1,1,12,120,48,67,24,16,3.38,4,1,0,0,0,0,0,505.22
0,0,1,12,120,38,73,21,16,2.23,0,0,0,0,0,0,1,430.95
0,1,1,8,108,29,66,19,12,2.38,3,0,0,0,0,0,0,310.13
0,1,1,12,99,43,66,22,13,2.19,4,0,0,0,0,0,0,317.98
0,1,1,12,80,31,66,20,11,2.46,1,0,0,0,0,0,0,270.97
0,1,1,10,93,45,66,22,11,5.33,3,0,0,0,0,0,0,278.94
0,0,1,11,118,43,69,21,13,0.38,1,0,0,1,0,0,0,249.88
0,0,1,12,115,31,67,18,11,1.00,1,1,0,0,0,0,0,245.92
0,0,1,10,119,28,73,22,16,3.74,0,0,0,0,0,0,1,199.94
0,0,1,12,94,39,67,19,12,0.00,1,1,0,0,0,0,0,244.94
0,1,1,13,109,42,73,26,16,4.84,0,0,0,0,0,0,1,381.08
0,0,1,14,104,37,68,21,13,2.38,1,0,1,0,0,0,0,160.93
0,0,0,7,89,21,67,17,11,1.09,1,1,0,0,0,0,0,124.96
0,0,0,12,101,28,66,22,12,2.35,3,0,0,0,0,0,0,249.88
0,0,0,12,96,34,71,22,16,0.00,1,0,0,0,0,1,0,300.07
0,1,0,9,109,48,66,22,12,1.58,1,0,0,0,0,0,0,158.06
0,1,0,4,94,38,66,23,12,3.08,4,0,0,0,0,0,0,215.08
0,0,0,6,115,34,66,20,12,1.47,2,0,0,0,0,0,0,249.88
0,1,0,8,92,41,66,24,12,2.16,3,0,0,0,0,0,0,284.01
0,0,0,11,71,32,67,17,9,0.52,1,1,0,0,0,0,0,235.10
0,1,0,12,130,39,66,19,11,0.00,1,0,0,0,0,0,0,132.03
0,0,0,12,119,38,70,22,16,0.23,1,0,0,0,1,0,0,345.85
0,0,1,10,74,24,66,18,9,0.46,1,0,0,0,0,0,0,129.02
0,1,1,10,124,23,73,20,15,3.75,1,0,0,0,0,0,1,416.96
0,1,0,12,94,29,71,22,14,0.46,1,0,0,0,0,1,0,199.94
0,1,0,12,120,44,71,28,16,6.36,4,0,0,0,0,1,0,244.94
0,1,1,8,96,40,66,23,11,1.55,1,0,0,0,0,0,0,317.03
0,0,1,12,98,42,69,17,12,0.42,1,0,0,1,0,0,0,199.94
0,0,0,9,109,44,66,19,12,2.33,2,0,0,0,0,0,0,180.91
0,0,1,12,100,39,73,22,17,0.00,0,0,0,0,0,0,1,493.24
0,0,0,11,101,25,68,18,12,0.54,1,0,1,0,0,0,0,190.95
0,1,0,12,111,40,69,21,16,0.17,1,0,0,1,0,0,0,480.10
0,1,0,8,106,38,69,26,16,2.98,5,0,0,1,0,0,0,460.82
0,1,0,12,102,37,66,23,12,1.13,2,0,0,0,0,0,0,300.07
0,0,0,12,115,28,71,21,14,0.74,1,0,0,0,0,1,0,345.85
0,1,0,10,99,37,70,18,12,1.39,1,0,0,0,1,0,0,500.20
0,1,0,11,118,48,66,22,16,1.33,2,0,0,0,0,0,0,259.04
0,0,1,13,132,37,69,22,13,0.00,1,0,0,1,0,0,0,323.11
0,0,1,12,108,26,68,18,13,0.33,1,0,1,0,0,0,0,317.03
0,0,1,14,98,40,66,19,12,2.17,2,0,0,0,0,0,0,255.95
0,0,1,8,111,44,66,22,12,6.08,1,0,0,0,0,0,0,258.01
0,1,1,8,79,36,66,24,11,4.36,4,0,0,0,0,0,0,224.08
0,0,0,12,97,29,68,19,12,1.00,1,0,1,0,0,0,0,199.94
0,1,0,12,99,49,66,24,15,2.33,1,0,0,0,0,0,0,105.00
0,0,1,12,101,33,73,23,16,0.00,0,0,0,0,0,0,1,300.07
0,0,0,12,120,45,66,22,17,0.00,2,0,0,0,0,0,0,220.08
0,0,1,8,97,33,69,18,12,0.38,2,0,0,1,0,0,0,199.94
0,1,0,8,106,34,67,23,12,4.75,5,1,0,0,0,0,0,146.94
0,0,0,12,131,44,71,21,16,0.48,2,0,0,0,0,1,0,481.06
0,1,0,12,93,32,66,20,10,2.05,1,0,0,0,0,0,0,244.94
0,0,0,8,79,23,68,20,12,0.38,1,0,1,0,0,0,0,300.07
0,0,1,11,100,38,66,17,12,0.38,1,0,0,0,0,0,0,300.07
0,0,1,9,107,30,70,23,16,0.82,1,0,0,0,1,0,0,490.78
0,1,1,12,105,22,69,19,12,0.38,1,0,0,1,0,0,0,300.97
0,1,0,12,114,25,71,22,12,5.30,5,0,0,0,0,1,0,344.12
0,1,0,8,116,36,69,27,12,9.38,1,0,0,1,0,0,0,288.01
0,1,1,11,104,41,66,23,12,5.25,4,0,0,0,0,0,0,178.04
0,0,1,9,85,48,66,21,12,3.58,5,0,0,0,0,0,0,300.07
0,0,1,9,93,46,68,18,12,2.83,1,0,1,0,0,0,0,342.06
0,1,0,8,100,40,66,23,10,0.00,1,0,0,0,0,0,0,345.85
0,0,1,12,88,36,71,23,16,0.43,1,0,0,0,0,1,0,365.04
0,1,0,12,93,32,73,21,12,4.44,0,0,0,0,0,0,1,484.93
0,0,0,12,98,26,68,20,12,1.80,1,0,1,0,0,0,0,172.95
0,1,0,12,110,35,73,20,14,1.89,3,0,0,0,0,0,1,199.94
0,0,0,11,94,38,67,20,14,0.63,1,1,0,0,0,0,0,99.98
0,1,0,8,77,36,66,23,12,1.20,2,0,0,0,0,0,0,184.93
0,0,1,12,102,44,71,21,12,3.14,1,0,0,0,0,1,0,331.96
0,1,1,16,113,49,73,26,14,5.37,1,0,0,0,0,0,1,464.05
1,1,1,12,103,38,73,24,10,5.43,7,0,0,0,0,0,1,300.07
1,1,1,12,96,31,66,21,11,3.33,1,0,0,0,0,0,0,150.05
1,1,1,12,97,35,66,23,11,5.33,1,0,0,0,0,0,0,184.93
1,1,1,15,89,39,66,23,12,2.32,3,0,0,0,0,0,0,297.08
1,1,1,16,104,34,73,23,16,0.89,0,0,0,0,0,0,1,507.76
1,1,1,11,116,36,71,24,14,0.00,1,0,0,0,0,1,0,224.98
1,0,1,12,104,47,66,23,14,0.00,1,0,0,0,0,0,0,259.04
1,0,1,12,114,37,70,18,12,0.54,1,0,0,0,1,0,0,180.01
0,1,0,12,103,40,73,23,16,1.55,0,0,0,0,0,0,1,320.86
1,1,1,6,92,34,66,22,12,1.25,2,0,0,0,0,0,0,261.13
1,1,1,8,98,41,73,23,18,4.71,0,0,0,0,0,0,1,403.83
1,1,1,12,114,48,66,23,13,1.42,2,0,0,0,0,0,0,336.97
1,1,1,12,110,37,66,24,12,1.92,3,0,0,0,0,0,0,156.02
1,1,1,8,132,39,73,25,17,1.11,2,0,0,0,0,0,1,746.20
1,1,0,8,112,37,73,24,16,5.93,0,0,0,0,0,0,1,199.94
1,1,1,12,99,42,66,22,9,2.50,2,0,0,0,0,0,0,240.09
1,0,1,12,106,45,66,24,13,3.33,5,0,0,0,0,0,0,262.96
1,1,1,18,128,43,73,25,15,0.31,0,0,0,0,0,0,1,500.20
1,0,1,8,80,30,73,22,12,3.49,2,0,0,0,0,0,1,362.85
1,1,1,6,71,24,71,23,11,2.04,1,0,0,0,0,1,0,300.07
1,0,1,12,127,45,71,23,18,0.79,1,0,0,0,0,1,0,601.24
1,0,1,8,114,43,73,23,16,0.00,2,0,0,0,0,0,1,449.89
1,0,1,7,102,30,69,19,13,0.65,1,0,0,1,0,0,0,240.09
1,0,1,12,88,34,68,19,12,0.46,3,0,1,0,0,0,0,186.98
1,0,1,12,88,32,68,17,12,1.00,1,0,1,0,0,0,0,350.02
1,1,1,14,110,45,66,23,15,1.92,2,0,0,0,0,0,0,256.98
0,0,1,8,130,39,73,22,16,0.00,0,0,0,0,0,0,1,481.06
1,1,1,12,101,36,66,21,11,3.38,1,0,0,0,0,0,0,166.00
1,0,1,9,89,36,66,18,10,0.33,1,0,0,0,0,0,0,142.02
1,1,1,12,80,25,66,21,10,1.33,2,0,0,0,0,0,0,184.93
0,1,1,12,72,20,73,26,12,9.06,0,0,0,0,0,0,1,600.04
0,1,1,12,115,56,71,27,18,1.19,2,0,0,0,0,1,0,224.08
1,1,1,12,115,48,70,27,16,0.80,5,0,0,0,1,0,0,552.80
1,0,1,8,93,27,66,24,12,3.30,1,0,0,0,0,0,0,215.08
1,0,1,12,92,42,73,24,15,2.92,3,0,0,0,0,0,1,412.82
1,0,1,5,115,40,73,20,13,1.16,2,0,0,0,0,0,1,474.85
1,1,1,12,93,26,71,20,11,1.98,1,0,0,0,0,1,0,237.94
1,0,1,8,91,39,66,22,12,0.65,1,0,0,0,0,0,0,222.96
1,1,1,9,90,35,66,20,10,4.50,1,0,0,0,0,0,0,175.04
1,1,1,9,104,47,66,20,12,3.18,4,0,0,0,0,0,0,175.91
1,1,1,12,100,42,66,18,12,1.85,2,0,0,0,0,0,0,140.05
1,0,1,15,129,40,73,28,18,0.00,0,0,0,0,0,0,1,132.95
0,0,1,12,112,39,67,22,16,0.72,1,1,0,0,0,0,0,307.05
1,1,0,11,98,38,71,27,11,6.72,7,0,0,0,0,1,0,471.07
1,1,1,12,132,45,73,24,17,4.02,1,0,0,0,0,0,1,711.23
1,0,1,13,110,36,69,21,13,0.00,0,0,0,1,0,0,0,307.05
1,0,1,11,127,44,73,21,12,1.19,0,0,0,0,0,0,1,389.16
1,1,1,8,94,39,66,22,13,3.62,4,0,0,0,0,0,0,449.89
0,1,1,16,97,48,73,24,16,0.00,0,0,0,0,0,0,1,594.07
0,1,1,11,109,42,71,24,15,0.26,1,0,0,0,0,1,0,284.86
1,0,0,3,89,21,67,18,12,0.00,1,1,0,0,0,0,0,134.96
1,0,0,11,90,33,66,23,12,5.38,6,0,0,0,0,0,0,235.10
1,0,0,12,105,39,69,17,12,0.00,2,0,0,1,0,0,0,159.97
1,0,1,8,100,27,68,22,12,5.28,1,0,1,0,0,0,0,295.89
1,1,0,16,111,40,71,22,16,0.96,1,0,0,0,0,1,0,237.94
1,0,0,16,125,44,71,22,17,0.00,1,0,0,0,0,1,0,399.81
1,0,0,12,124,20,73,21,16,0.00,0,0,0,0,0,0,1,224.98
1,1,1,12,107,41,73,24,14,7.93,2,0,0,0,0,0,1,462.20
1,0,1,12,110,45,71,26,12,3.99,1,0,0,0,0,1,0,199.94
1,0,0,16,102,32,73,21,13,1.46,0,0,0,0,0,0,1,240.09
1,1,0,12,81,36,71,25,12,7.33,6,0,0,0,0,1,0,412.82
1,0,0,12,99,36,71,21,12,3.78,3,0,0,0,0,1,0,224.98
1,1,1,12,102,35,69,19,13,0.00,1,0,0,1,0,0,0,325.06
1,1,1,12,95,44,66,24,12,0.00,7,0,0,0,0,0,0,226.11
1,0,1,11,98,37,69,24,16,0.77,1,0,0,1,0,0,0,399.81
1,1,0,4,109,41,71,22,16,0.56,1,0,0,0,0,1,0,395.05
1,1,0,8,82,41,66,24,12,6.66,2,0,0,0,0,0,0,308.89
1,0,0,12,105,22,68,20,13,0.00,0,0,1,0,0,0,0,159.97
1,1,0,12,95,36,66,24,12,0.00,2,0,0,0,0,0,0,242.99
1,1,1,12,123,43,73,24,16,1.87,4,0,0,0,0,0,1,344.12
1,0,0,12,86,24,69,19,12,0.00,1,0,0,1,0,0,0,218.98
1,0,1,8,87,41,66,24,12,0.00,2,0,0,0,0,0,0,184.01
0,1,0,12,117,39,71,22,16,0.55,1,0,0,0,0,1,0,540.23
1,0,1,12,112,50,66,24,16,1.13,2,0,0,0,0,0,0,317.03
1,0,1,12,119,41,70,23,15,0.00,1,0,0,0,1,0,0,550.04
1,0,0,6,81,33,69,21,12,0.38,1,0,0,1,0,0,0,190.00
1,1,0,10,124,48,70,22,17,0.38,1,0,0,0,1,0,0,332.95
1,1,0,7,89,38,66,22,12,0.00,2,0,0,0,0,0,0,229.98
1,1,1,12,106,41,73,21,16,1.19,2,0,0,0,0,0,1,600.04
1,0,0,11,103,30,66,18,13,0.33,1,0,0,0,0,0,0,217.02
1,0,0,6,91,40,67,19,12,0.38,1,1,0,0,0,0,0,198.94
1,1,1,12,101,34,73,23,16,5.41,2,0,0,0,0,0,1,340.02
1,0,1,12,83,32,66,22,12,2.25,2,0,0,0,0,0,0,154.93
1,1,1,12,102,54,73,24,17,0.16,5,0,0,0,0,0,1,481.06
1,0,1,7,94,34,68,18,12,0.42,1,0,1,0,0,0,0,180.01
1,1,1,12,97,38,66,23,10,3.47,1,0,0,0,0,0,0,235.10
1,0,1,12,115,38,73,23,17,0.00,2,0,0,0,0,0,1,441.86
1,0,1,17,117,38,69,24,16,0.38,1,0,0,1,0,0,0,397.82
1,1,1,8,105,45,67,24,12,5.76,1,1,0,0,0,0,0,259.04
1,0,1,8,113,36,73,30,16,0.53,5,0,0,0,0,0,1,340.02
0,1,1,10,83,37,73,29,12,5.97,0,0,0,0,0,0,1,489.80
1,1,1,17,101,44,71,29,18,0.41,4,0,0,0,0,1,0,606.07
1,1,1,12,113,36,66,22,12,0.00,6,0,0,0,0,0,0,328.00
1,1,1,12,88,31,66,23,12,0.63,2,0,0,0,0,0,0,224.98
1,1,1,16,113,27,71,21,16,0.54,4,0,0,0,0,1,0,323.11
1,1,1,12,106,38,70,20,14,0.00,1,0,0,0,1,0,0,938.23
1,1,1,10,114,36,66,23,12,2.17,1,0,0,0,0,0,0,232.99
1,0,1,11,119,32,73,22,16,2.11,2,0,0,0,0,0,1,540.77
1,1,1,1,89,40,66,24,12,5.58,2,0,0,0,0,0,0,212.94
1,0,1,12,97,28,68,18,13,0.38,1,0,1,0,0,0,0,336.97
1,0,1,12,83,51,71,24,13,0.53,1,0,0,0,0,1,0,427.09
1,1,1,12,97,40,71,27,11,11.44,1,0,0,0,0,1,0,555.02
1,1,1,12,98,37,68,18,12,0.00,1,0,1,0,0,0,0,275.06
1,0,0,8,84,24,67,18,12,1.05,1,1,0,0,0,0,0,172.95
1,0,0,8,74,24,70,20,12,1.96,1,0,0,0,1,0,0,191.90
1,1,0,6,93,32,66,22,12,2.13,3,0,0,0,0,0,0,115.01
1,1,1,17,113,41,73,26,17,1.13,2,0,0,0,0,0,1,681.98
1,0,1,8,92,37,66,24,12,1.15,2,0,0,0,0,0,0,208.93
1,0,0,9,127,44,73,20,12,2.11,0,0,0,0,0,0,1,295.01
1,1,0,6,109,44,66,23,12,6.25,5,0,0,0,0,0,0,340.02
1,0,0,10,97,42,66,20,12,1.21,2,0,0,0,0,0,0,224.98
1,1,1,0,66,30,73,22,11,4.53,0,0,0,0,0,0,1,187.92
0,1,1,16,109,46,71,26,16,0.96,7,0,0,0,0,1,0,598.24
1,1,1,4,109,43,70,24,16,0.28,1,0,0,0,1,0,0,433.11
1,1,0,8,85,44,69,23,12,0.00,1,0,0,1,0,0,0,184.93
1,0,0,8,81,26,68,19,12,1.15,1,0,1,0,0,0,0,180.01
1,1,0,5,87,12,71,28,9,10.61,1,0,0,0,0,1,0,430.09
0,0,1,12,78,40,67,20,13,0.97,1,1,0,0,0,0,0,249.88
0,0,1,12,54,37,69,20,13,1.00,1,0,0,1,0,0,0,209.98
0,1,1,8,98,33,66,22,12,1.23,1,0,0,0,0,0,0,224.98
0,0,1,12,98,34,66,22,12,2.25,3,0,0,0,0,0,0,284.86
0,0,1,16,105,29,73,22,16,0.60,1,0,0,0,0,0,1,331.96
0,0,1,12,87,25,68,19,12,0.00,1,0,1,0,0,0,0,165.01
0,1,1,12,117,25,73,20,13,2.65,0,0,0,0,0,0,1,500.20
0,0,1,12,85,30,73,21,14,0.00,0,0,0,0,0,0,1,199.94
0,0,1,8,82,35,70,20,13,1.82,1,0,0,0,1,0,0,224.98
0,1,1,12,114,39,73,24,18,1.38,0,0,0,0,0,0,1,681.30
0,1,1,12,105,48,73,26,18,3.32,2,0,0,0,0,0,1,1154.01
0,1,1,7,92,20,73,24,14,2.45,1,0,0,0,0,0,1,399.81
0,0,1,12,107,23,69,18,12,0.00,1,0,0,1,0,0,0,340.02
0,0,1,12,111,41,69,26,17,0.00,2,0,0,1,0,0,0,375.03
0,0,1,16,119,49,71,26,16,4.36,1,0,0,0,0,1,0,462.20
0,1,1,12,97,40,66,24,12,7.13,8,0,0,0,0,0,0,575.94
0,1,1,10,110,34,66,19,12,2.33,1,0,0,0,0,0,0,288.88
0,1,1,12,96,32,66,24,12,5.20,6,0,0,0,0,0,0,381.08
0,1,1,12,102,31,66,23,10,3.33,4,0,0,0,0,0,0,304.90
0,1,1,0,64,22,66,24,12,5.38,6,0,0,0,0,0,0,180.91
0,0,1,8,103,32,66,20,12,3.00,1,0,0,0,0,0,0,99.98
0,1,1,12,118,39,73,24,10,9.50,0,0,0,0,0,0,1,205.00
0,1,1,13,118,41,73,23,17,0.00,2,0,0,0,0,0,1,297.97
0,1,1,12,75,37,71,29,13,6.72,1,0,0,0,0,1,0,300.07
0,1,1,12,112,45,68,20,13,0.00,1,0,1,0,0,0,0,359.96
0,0,1,12,95,20,71,21,12,1.71,1,0,0,0,0,1,0,199.94
0,1,1,12,119,38,73,26,16,0.00,4,0,0,0,0,0,1,489.80
0,1,1,12,94,35,68,25,14,0.38,1,0,1,0,0,0,0,300.07
0,0,1,6,103,27,68,18,12,0.00,1,0,1,0,0,0,0,175.04
0,1,1,14,90,36,68,21,16,0.38,1,0,1,0,0,0,0,275.06
0,1,0,16,128,50,73,28,17,1.15,5,0,0,0,0,0,1,817.29
0,0,1,12,84,40,69,19,12,0.38,1,0,0,1,0,0,0,419.89
0,1,1,8,97,38,66,22,12,2.33,2,0,0,0,0,0,0,462.20
0,0,1,12,102,34,66,19,12,1.33,1,0,0,0,0,0,0,300.07
0,1,1,12,131,41,71,24,17,0.48,1,0,0,0,0,1,0,592.29
0,1,1,12,126,23,73,22,16,0.98,1,0,0,0,0,0,1,300.97
0,1,1,12,107,32,73,21,16,0.40,0,0,0,0,0,0,1,399.81
0,1,1,12,108,45,70,26,16,0.85,2,0,0,0,1,0,0,885.36
0,1,1,12,108,40,73,28,15,0.00,0,0,0,0,0,0,1,419.89
0,0,1,12,115,46,68,22,16,0.38,1,0,1,0,0,0,0,199.94
0,1,1,12,111,44,66,21,14,1.75,2,0,0,0,0,0,0,244.94
0,1,1,12,115,47,66,22,12,1.46,2,0,0,0,0,0,0,195.00
0,1,1,11,101,31,67,19,13,1.00,2,1,0,0,0,0,0,156.02
0,1,1,12,114,48,68,25,18,0.35,1,0,1,0,0,0,0,455.78
0,0,1,12,116,40,73,22,17,0.00,2,0,0,0,0,0,1,226.11
0,1,1,12,90,41,66,22,12,0.00,2,0,0,0,0,0,0,217.02
0,0,1,14,125,33,69,17,12,0.00,1,0,0,1,0,0,0,236.04
0,0,1,12,98,26,69,17,12,0.34,1,0,0,1,0,0,0,280.90
0,1,1,10,111,42,73,21,15,1.37,4,0,0,0,0,0,1,346.89
0,1,1,12,109,38,70,22,15,0.81,3,0,0,0,1,0,0,419.05
0,0,1,12,124,36,68,25,16,0.38,1,0,1,0,0,0,0,312.00
0,1,1,8,121,35,73,25,13,0.36,4,0,0,0,0,0,1,600.04
0,0,1,10,103,37,69,19,12,0.00,1,0,0,1,0,0,0,249.88
0,0,1,12,96,19,68,17,12,1.00,1,0,1,0,0,0,0,269.89
0,1,1,12,100,40,66,19,12,0.00,2,0,0,0,0,0,0,411.99
0,1,1,11,112,38,66,24,10,0.00,8,0,0,0,0,0,0,403.03
0,0,1,12,73,24,66,17,10,0.00,1,0,0,0,0,0,0,215.08
0,0,1,11,101,39,70,19,12,0.00,1,0,0,0,1,0,0,278.11
0,0,1,12,99,44,66,22,12,4.33,4,0,0,0,0,0,0,240.09
0,0,1,12,95,23,67,19,12,0.46,1,1,0,0,0,0,0,124.96
0,1,0,18,109,40,70,28,16,0.00,3,0,0,0,1,0,0,457.14
0,0,1,13,110,35,70,18,12,0.00,1,0,0,0,1,0,0,290.91
0,1,1,4,98,49,69,27,17,0.00,1,0,0,1,0,0,0,534.86
0,1,1,12,112,46,73,29,15,2.04,0,0,0,0,0,0,1,749.95
0,1,1,11,90,28,68,18,12,0.00,1,0,1,0,0,0,0,749.95
0,1,0,12,102,46,73,28,14,5.28,0,0,0,0,0,0,1,562.84
0,1,1,12,119,39,73,22,16,0.66,2,0,0,0,0,0,1,424.96
0,1,0,8,96,34,66,17,12,0.33,1,0,0,0,0,0,0,258.01
0,1,1,12,118,40,69,27,18,1.18,1,0,0,1,0,0,0,640.98
0,1,0,9,79,39,66,23,11,5.38,1,0,0,0,0,0,0,288.01
0,1,0,10,96,42,68,26,12,0.00,8,0,1,0,0,0,0,386.84
0,0,0,12,80,27,69,17,11,1.01,1,0,0,1,0,0,0,323.11
0,0,0,12,137,36,70,23,13,0.80,1,0,0,0,1,0,0,334.96
0,0,0,12,116,42,69,23,15,0.46,1,0,0,1,0,0,0,389.16
0,1,1,12,69,31,66,21,11,1.32,2,0,0,0,0,0,0,416.13
0,0,1,6,78,36,66,19,12,1.96,1,0,0,0,0,0,0,272.05
0,1,1,8,99,41,71,29,12,11.11,4,0,0,0,0,1,0,401.02
0,0,1,16,92,33,67,18,12,0.38,3,1,0,0,0,0,0,211.03
0,0,1,16,113,23,73,21,16,0.00,6,0,0,0,0,0,1,421.15
0,0,1,12,98,29,71,24,13,0.00,1,0,0,0,0,1,0,229.06
0,1,1,12,115,30,73,21,15,0.39,3,0,0,0,0,0,1,479.14
0,0,1,6,117,41,69,24,16,0.00,1,0,0,1,0,0,0,288.01
0,1,1,8,96,38,66,21,12,0.00,4,0,0,0,0,0,0,286.86
0,0,1,10,108,46,73,21,12,1.78,0,0,0,0,0,0,1,249.88
0,1,0,16,92,34,73,23,16,0.53,0,0,0,0,0,0,1,224.08
0,0,1,16,95,38,66,23,15,3.33,1,0,0,0,0,0,0,224.98
0,0,1,15,94,40,67,21,13,0.46,1,1,0,0,0,0,0,282.87
0,1,0,7,115,38,66,24,12,6.33,7,0,0,0,0,0,0,345.16
0,1,0,12,105,42,67,23,16,0.25,0,1,0,0,0,0,0,345.85
0,0,0,7,109,36,66,22,12,2.55,1,0,0,0,0,0,0,264.01
0,1,0,12,87,38,71,22,12,4.51,4,0,0,0,0,1,0,294.12
0,0,1,13,110,34,66,22,16,0.33,1,0,0,0,0,0,0,254.93
0,0,0,10,110,30,71,21,16,0.39,1,0,0,0,0,1,0,275.06
0,0,1,17,109,32,68,19,12,0.96,1,0,1,0,0,0,0,307.05
0,1,0,12,85,21,66,21,12,3.17,4,0,0,0,0,0,0,275.06
0,1,0,10,105,42,69,26,14,1.38,1,0,0,1,0,0,0,284.86
0,1,0,10,122,39,73,25,16,0.59,0,0,0,0,0,0,1,269.08
0,1,1,14,108,40,67,22,16,0.00,1,1,0,0,0,0,0,411.99
0,0,1,12,122,38,71,22,16,1.31,1,0,0,0,0,1,0,277.00
0,1,1,8,79,32,73,24,16,2.40,2,0,0,0,0,0,1,524.79
0,0,1,12,105,30,68,17,12,0.00,1,0,1,0,0,0,0,175.04
0,0,0,8,110,42,66,23,12,0.00,1,0,0,0,0,0,0,256.98
0,0,1,14,92,32,71,20,12,2.39,1,0,0,0,0,1,0,307.97
0,1,0,12,131,32,73,25,16,3.40,5,0,0,0,0,0,1,384.91
0,0,0,12,104,32,71,20,12,1.13,1,0,0,0,0,1,0,191.90
0,1,0,12,110,39,70,27,16,4.68,1,0,0,0,1,0,0,414.88
1,0,1,10,99,20,69,17,12,0.69,1,0,0,1,0,0,0,240.09
1,0,0,4,72,34,66,20,9,4.08,1,0,0,0,0,0,0,124.96
1,0,0,6,86,35,67,19,12,0.46,1,1,0,0,0,0,0,136.05
1,1,0,12,68,38,66,21,11,0.00,5,0,0,0,0,0,0,235.10
1,1,0,12,116,42,71,29,16,0.50,2,0,0,0,0,1,0,520.09
1,0,0,10,96,45,70,22,13,0.00,1,0,0,0,1,0,0,199.94
1,0,1,12,100,32,68,17,9,0.00,1,0,1,0,0,0,0,159.97
1,1,1,12,101,38,66,18,12,0.00,1,0,0,0,0,0,0,324.08
1,1,1,12,117,39,73,22,16,1.28,0,0,0,0,0,0,1,628.92
1,0,1,16,93,38,67,19,12,0.00,2,1,0,0,0,0,0,124.96
1,0,1,9,116,37,69,17,12,1.00,2,0,0,1,0,0,0,176.97
1,1,1,12,106,42,66,22,12,5.08,6,0,0,0,0,0,0,171.06
1,1,1,14,98,45,66,22,12,2.58,1,0,0,0,0,0,0,277.00
1,1,1,12,103,36,66,23,12,0.00,1,0,0,0,0,0,0,229.98
1,0,0,10,100,22,70,21,13,0.00,1,0,0,0,1,0,0,211.03
1,1,0,10,96,39,69,18,12,1.13,1,0,0,1,0,0,0,249.88
1,0,1,10,96,27,69,18,12,0.88,1,0,0,1,0,0,0,416.13
1,0,0,13,104,42,66,17,12,0.00,1,0,0,0,0,0,0,121.03
1,0,0,14,106,34,73,28,17,3.00,1,0,0,0,0,0,1,209.98
1,0,0,12,106,44,67,23,16,0.42,1,1,0,0,0,0,0,323.11
1,0,1,9,94,24,71,26,12,7.79,6,0,0,0,0,1,0,244.94
1,1,0,10,81,29,66,21,10,4.33,1,0,0,0,0,0,0,350.02
1,1,0,5,87,15,66,22,9,6.46,4,0,0,0,0,0,0,111.94
1,0,0,6,75,27,68,18,12,1.00,1,0,1,0,0,0,0,190.00
1,0,0,5,95,34,66,17,12,0.33,1,0,0,0,0,0,0,150.05
1,0,0,3,86,19,69,19,11,1.00,4,0,0,1,0,0,0,130.06
1,0,0,3,86,17,68,18,10,0.31,1,0,1,0,0,0,0,170.03
1,0,0,8,104,41,69,20,12,0.00,1,0,0,1,0,0,0,184.93
1,0,0,7,95,21,66,20,12,2.60,3,0,0,0,0,0,0,134.96
1,0,0,8,116,37,69,18,12,0.62,1,0,0,1,0,0,0,224.98
1,1,0,8,66,20,68,21,9,4.33,1,0,1,0,0,0,0,300.07
1,1,1,0,101,38,70,22,16,1.48,1,0,0,0,1,0,0,294.12
1,0,0,12,96,23,68,17,12,0.00,0,0,1,0,0,0,0,132.95
1,1,0,9,104,41,66,21,12,2.38,4,0,0,0,0,0,0,190.00
1,1,0,14,105,34,69,24,16,1.01,1,0,0,1,0,0,0,288.01
1,0,1,8,106,34,69,18,12,0.00,1,0,0,1,0,0,0,265.07
1,1,0,15,101,34,73,22,17,1.60,2,0,0,0,0,0,1,519.05
1,1,1,12,96,42,66,22,12,0.92,1,0,0,0,0,0,0,224.98
1,0,0,12,105,34,66,19,12,0.00,2,0,0,0,0,0,0,160.93
1,1,1,3,106,40,70,28,12,0.53,9,0,0,0,1,0,0,459.90
1,1,1,8,102,44,66,22,12,5.42,6,0,0,0,0,0,0,202.96
1,1,0,12,90,46,66,24,11,0.00,1,0,0,0,0,0,0,180.01
1,0,0,12,104,30,69,17,12,0.40,1,0,0,1,0,0,0,217.02
1,1,0,12,118,37,69,21,16,0.46,1,0,0,1,0,0,0,384.91
1,1,0,9,108,40,66,22,12,2.72,3,0,0,0,0,0,0,199.94
1,0,0,12,104,37,66,18,12,0.38,1,0,0,0,0,0,0,241.05
1,1,0,10,92,40,71,27,9,8.09,1,0,0,0,0,1,0,254.93
1,0,0,4,87,26,71,21,12,0.93,1,0,0,0,0,1,0,248.89
1,0,0,12,96,38,73,20,15,0.00,3,0,0,0,0,0,1,187.92
1,1,0,12,80,34,66,24,10,1.32,4,0,0,0,0,0,0,159.97
1,1,0,12,104,40,73,25,16,1.51,2,0,0,0,0,0,1,433.11
1,1,0,9,104,35,73,27,18,0.00,2,0,0,0,0,0,1,577.09
1,1,1,12,96,24,73,24,18,0.50,0,0,0,0,0,0,1,230.90
1,0,0,12,89,24,73,22,12,3.21,2,0,0,0,0,0,1,224.98
1,1,0,10,113,39,69,18,12,1.46,2,0,0,1,0,0,0,129.02
1,0,0,7,105,29,66,19,12,1.83,2,0,0,0,0,0,0,150.05
1,0,0,7,84,39,69,20,12,0.00,1,0,0,1,0,0,0,249.88
1,1,1,7,108,36,66,21,12,2.43,3,0,0,0,0,0,0,186.98
1,1,1,8,104,32,66,20,12,1.46,2,0,0,0,0,0,0,170.03
1,0,0,7,106,28,67,17,12,1.00,1,1,0,0,0,0,0,124.96
1,1,1,12,70,34,66,24,10,7.55,8,0,0,0,0,0,0,199.94
1,1,1,11,104,39,70,24,16,0.47,1,0,0,0,1,0,0,345.85
1,0,1,14,91,42,68,18,12,0.00,1,0,1,0,0,0,0,166.00
1,1,1,14,112,42,73,26,18,0.40,1,0,0,0,0,0,1,520.09
1,0,0,12,97,27,68,18,10,0.87,1,0,1,0,0,0,0,190.00
1,0,0,10,99,40,66,18,12,1.33,1,0,0,0,0,0,0,199.94
1,0,0,6,86,28,66,17,9,0.33,1,0,0,0,0,0,0,175.04
1,0,0,12,90,36,66,18,12,2.29,2,0,0,0,0,0,0,224.98
0,1,1,12,101,43,69,19,12,0.00,1,0,0,1,0,0,0,297.08
1,1,0,11,109,33,73,21,15,0.00,0,0,0,0,0,0,1,307.97
1,1,0,12,107,40,66,24,12,6.33,1,0,0,0,0,0,0,172.95
1,1,0,12,110,48,66,22,16,0.93,1,0,0,0,0,0,0,199.94
1,1,1,10,120,35,73,20,13,0.00,0,0,0,0,0,0,1,837.98
1,0,1,12,97,34,73,22,16,0.79,0,0,0,0,0,0,1,336.97
1,1,1,11,103,37,73,21,12,1.91,0,0,0,0,0,0,1,358.17
1,1,1,12,114,36,73,22,16,0.34,0,0,0,0,0,0,1,375.03
1,0,1,8,95,31,68,18,11,0.00,1,0,1,0,0,0,0,176.97
1,0,0,12,97,28,73,24,16,0.50,2,0,0,0,0,0,1,673.17
1,0,0,13,97,34,73,20,14,1.91,0,0,0,0,0,0,1,230.90
1,1,1,10,83,25,67,19,13,1.00,1,1,0,0,0,0,0,140.05
1,1,0,12,104,46,73,24,16,0.00,1,0,0,0,0,0,1,251.89
1,1,0,12,82,27,73,24,12,2.82,0,0,0,0,0,0,1,295.01
1,1,1,8,113,45,71,26,16,0.00,1,0,0,0,0,1,0,412.82
1,1,0,7,93,39,67,22,12,0.69,1,1,0,0,0,0,0,176.97
1,1,0,12,101,38,73,25,12,4.83,0,0,0,0,0,0,1,325.06
1,1,0,7,100,33,73,23,12,2.49,2,0,0,0,0,0,1,278.11
1,1,1,8,102,32,68,19,12,0.28,1,0,1,0,0,0,0,159.97
